USE [GamesDatabase]
GO

INSERT INTO Player (playerId, playerName, playerPcIp, playerPcPort) VALUES
	('00000000-0000-0000-0000-000000000000', 'DrawResultSubstitutePlayer', NULL, NULL),
    ('00000000-0000-0000-0000-000000000001', 'AiPlayer', NULL, NULL);

INSERT INTO Game (gameid, gameName, gameCategory) VALUES
    ('E5CAAFB7-7E9D-4AA0-B0BC-2AC1A8A6E8FC', 'Chess', '2playerGame'),
    ('8C32A418-9B0E-4F82-9E2F-C7BC9A3EBE63', 'Connect4', '2playerGame'),
    ('E5CE6841-4430-4A64-A2A2-9E757A24C47F', 'Darts', '2playerGame'),
    ('d8ba8bc5-1174-44a0-ad96-a687a2e73f05', 'Obstruction', '2playerGame');


INSERT INTO GameState (id, player1Id, player2Id, gameId, turn, winnerPlayer, jsonGameState) VALUES
    ('B3129A44-23F7-4FA0-8B47-165AEDC7D819', '2C4A6937-4ECB-4921-A9A9-9CFC80B24D6A', '27F6A44A-736E-4EAA-B186-654C6A3C8E92', 'E5CAAFB7-7E9D-4AA0-B0BC-2AC1A8A6E8FC', 3, '27F6A44A-736E-4EAA-B186-654C6A3C8E92', '{"boardState": [[0, 1, 0], [1, 0, 1], [0, 1, 0]], "currentPlayer": 1}'),
    ('2D018A26-2EF1-4261-A9E2-2F1D22CE8F8B', '6E01317D-087F-493A-BE7E-5894C33E71AB', '4B9C9349-932F-43E0-88A2-F7BC7CB85D18', '8C32A418-9B0E-4F82-9E2F-C7BC9A3EBE63', 2, NULL, '{"boardState": [[1, 0, 1], [0, 1, 0], [1, 0, 1]], "currentPlayer": 0}'),
    ('77FCE6D3-AB3D-4AC1-BC61-4B93D1632855', '27F6A44A-736E-4EAA-B186-654C6A3C8E92', '6E01317D-087F-493A-BE7E-5894C33E71AB', 'E5CE6841-4430-4A64-A2A2-9E757A24C47F', 10, '6E01317D-087F-493A-BE7E-5894C33E71AB', '{"boardState": [[0, 0, 0], [0, 0, 0], [0, 0, 0]], "currentPlayer": 1}');

INSERT INTO GameStats (playerId, gameId, eloRating, highestEloRating, totalMatches, totalWins, totalDraws, totalPlayTime, totalNumberOfTurns) VALUES
    ('2C4A6937-4ECB-4921-A9A9-9CFC80B24D6A', 'E5CAAFB7-7E9D-4AA0-B0BC-2AC1A8A6E8FC', 1200, 1500, 10, 7, 1, 3600, 100),
    ('27F6A44A-736E-4EAA-B186-654C6A3C8E92', '8C32A418-9B0E-4F82-9E2F-C7BC9A3EBE63', 1100, 1200, 8, 4, 2, 2400, 80),
    ('6E01317D-087F-493A-BE7E-5894C33E71AB', 'E5CE6841-4430-4A64-A2A2-9E757A24C47F', 1300, 1300, 12, 9, 0, 4200, 120),
    ('4B9C9349-932F-43E0-88A2-F7BC7CB85D18', 'E5CAAFB7-7E9D-4AA0-B0BC-2AC1A8A6E8FC', 1150,1200, 6, 3, 1, 1800, 60);

INSERT INTO PlayerQueue (playerId, gameId, chessGameMode, obstructionWidth, obstructionHeight) VALUES 
    ('2C4A6937-4ECB-4921-A9A9-9CFC80B24D6A', 'E5CAAFB7-7E9D-4AA0-B0BC-2AC1A8A6E8FC', 1, NULL, NULL),
    ('27F6A44A-736E-4EAA-B186-654C6A3C8E92', 'E5CAAFB7-7E9D-4AA0-B0BC-2AC1A8A6E8FC', 2, NULL, NULL),
    ('6E01317D-087F-493A-BE7E-5894C33E71AB', 'd8ba8bc5-1174-44a0-ad96-a687a2e73f05', NULL, 8, 8),
    ('4B9C9349-932F-43E0-88A2-F7BC7CB85D18', '8C32A418-9B0E-4F82-9E2F-C7BC9A3EBE63', NULL, NULL, NULL);

INSERT INTO PlayerSettings (playerId, playerPcIp, isSoundOn, isMusicOn, soundVolume, musicVolume) VALUES 
    ('2C4A6937-4ECB-4921-A9A9-9CFC80B24D6A', '192.168.1.101', 1, 1, 0.8, 0.6),
    ('27F6A44A-736E-4EAA-B186-654C6A3C8E92', '192.168.1.102', 1, 0, 0.6, 0.4),
    ('6E01317D-087F-493A-BE7E-5894C33E71AB', '192.168.1.103', 0, 1, 0.7, 0.9);



SELECT* FROM Player
SELECT* FROM Game
SELECT* FROM GameState
SELECT* FROM GameStats
SELECT* FROM PlayerQueue
SELECT* FROM PlayerSettings


DELETE FROM Player
DELETE FROM Game
--DELETE FROM GameState
--DELETE FROM GameStats
--DELETE FROM PlayerQueue
--DELETE FROM PlayerSettings
GO